,Country,Region,GDP per Capita,CO2 per Capita,Air Quality,Biodiversity,Water Sanitation,Happiness Score
0,Denmark,Western Europe,0.4674152926738745,0.15948387096774194,0.864779042074623,0.9722735674676526,0.99709997099971,0.9775756293632325
1,Switzerland,Western Europe,0.6866178666476691,0.12593548387096776,0.6677692511246363,0.8894408502772644,0.9992999929999301,0.9739792680346941
2,Iceland,Western Europe,0.5283765762911242,0.3014193548387097,0.9978830378406988,0.6076709796672829,0.9928999289992901,0.9722868627036176
3,Norway,Western Europe,0.6031617496423624,0.22270967741935485,0.965467054776396,0.7943622920517561,0.9885998859988601,0.9716522107044636
4,Finland,Western Europe,0.37386254998704704,0.2281290322580645,0.9546176237099763,0.9645332717190389,0.98569985699857,0.9536704040617727
5,Canada,North America,0.3609935695079631,0.4167741935483871,0.920084678486372,0.7054066543438078,0.9964999649996501,0.9517664480643113
6,Netherlands,Western Europe,0.39302941909330313,0.25806451612903225,0.6311193437417305,0.8888632162661738,0.9864998649986502,0.9380156547493124
7,New Zealand,Australia and New Zealand,0.34163218160311914,0.19406451612903225,0.9797565493516803,0.916243068391867,1.0,0.9369579014173894
8,Australia,Australia and New Zealand,0.42708752707496045,0.44361290322580643,0.9858428155596718,0.8518946395563773,1.0,0.9325153374233128
9,Sweden,Western Europe,0.4443007021726888,0.11716129032258066,0.947869806827203,0.8701478743068394,0.99569995699957,0.9278612227628518
10,Israel,Middle East and Northern Africa,0.3183850260326958,0.208,0.6467319396665785,0.6683225508317931,1.0,0.9227840067696214
11,Austria,Western Europe,0.38641207643608455,0.20541935483870968,0.6690923524741995,0.9229436229205177,1.0,0.8914745081447006
12,United States,North America,0.4952597155770333,0.4126451612903226,0.9011643291876158,0.7614371534195934,0.99169991699917,0.8883012481489316
13,Costa Rica,Latin America and Caribbean,0.09791944995963174,0.04412903225806451,0.956866896004234,0.8904805914972274,0.87619876198762,0.8847048868203935
14,Germany,Western Europe,0.3594383295918657,0.24825806451612906,0.6385287112992855,1.0,0.9949999499995,0.8650306748466257
15,Brazil,Latin America and Caribbean,0.07253819896900895,0.060645161290322575,0.928287906853665,0.9147412199630316,0.84419844198442,0.8561455468584727
16,Belgium,Western Europe,0.35869224434020264,0.2335483870967742,0.5198465202434507,1.0,0.99639996399964,0.8512798815316267
17,Ireland,Western Europe,0.5407436478110211,0.21109677419354841,0.9628208520772691,0.8903650646950094,0.94019940199402,0.8466257668711656
18,Luxembourg,Western Europe,0.8937724928006364,0.4167741935483871,0.8060333421540092,1.0,0.98569985699857,0.8390099428813202
19,Mexico,Latin America and Caribbean,0.07276909550077307,0.09961290322580646,0.766472611802064,0.7534658040665435,0.8078980789807899,0.8193357309075522
20,Singapore,Southeastern Asia,0.4851192113890978,0.239741935483871,0.8756284731410425,0.6795286506469502,1.0,0.811085254918553
21,United Kingdom,Western Europe,0.35063219755593633,0.15225806451612903,0.8621328393754962,0.9882162661737524,0.9949999499995,0.8081235455891684
22,Chile,Latin America and Caribbean,0.11580778109861503,0.12774193548387097,0.883567081238423,0.7129158964879854,0.9446994469944701,0.8038925322614767
23,Panama,Latin America and Caribbean,0.12103461046221393,0.07096774193548387,0.9604392696480549,0.8605591497227358,0.7780977809778099,0.8030463295959382
24,Argentina,Latin America and Caribbean,0.10757661728272765,0.1249032258064516,0.9360942048160891,0.650184842883549,0.93049930499305,0.7922572456103236
25,Czech Republic,Central and Eastern Europe,0.1563283143294568,0.2658064516129032,0.5341360148187352,1.0,0.9892998929989302,0.7808335096255554
26,United Arab Emirates,Middle East and Northern Africa,0.325433542478065,0.5814193548387095,0.6331039957660757,0.8776571164510167,0.9029990299902999,0.7759678442987095
27,Uruguay,Latin America and Caribbean,0.1298928771306197,0.049032258064516124,0.9315956602275736,0.4722735674676526,0.9568995689956901,0.7700444256399408
28,Malta,Western Europe,0.21380223521920824,0.08903225806451613,0.9683778777454354,0.930452865064695,1.0,0.7579860376560186
29,Colombia,Latin America and Caribbean,0.048118597360161074,0.04619354838709677,0.9184969568668963,0.8612523105360443,0.7721977219772198,0.7565051829913263
30,France,Western Europe,0.3152965366704779,0.12851612903225806,0.8045779306694895,0.9944547134935304,0.99219992199922,0.7558705309921725
31,Thailand,Southeastern Asia,0.04904142669929368,0.10116129032258066,0.45911616829849167,0.8391866913123845,0.8576985769857699,0.7550243283266342
32,Saudi Arabia,Middle East and Northern Africa,0.1684958285580961,0.4929032258064516,0.6882773220428685,0.7884704251386322,0.8698986989869899,0.7349270150200973
33,Qatar,Middle East and Northern Africa,0.48889078164237965,1.0,0.4620269912675311,0.5190619223659889,0.8979989799897999,0.7340808123545588
34,Spain,Western Europe,0.22543862261065584,0.14606451612903226,0.9215400899708918,0.9622227356746766,0.9992999929999301,0.7311191030251747
35,Algeria,Middle East and Northern Africa,0.031577969092862854,0.09858064516129032,0.8920349298756286,0.5566081330868762,0.7210972109721098,0.7298497990268671
36,Guatemala,Latin America and Caribbean,0.03324653909620195,0.027612903225806455,0.8237629002381582,0.7460720887245841,0.6987969879698798,0.7232917283689444
37,Suriname,Latin America and Caribbean,0.04582844333464946,0.0990967741935484,0.9503836993913736,0.7818853974121998,0.7931979319793198,0.7116564417177915
38,Kuwait,Middle East and Northern Africa,0.23529991376717863,0.6139354838709677,0.36041280762106376,0.8512014787430686,0.89919899198992,0.7053099217262535
39,Bahrain,Middle East and Northern Africa,0.19204023886853858,0.6216774193548387,0.6546705477639587,0.49792051756007394,0.91909919099191,0.7008673577321769
40,Trinidad and Tobago,Latin America and Caribbean,0.1366799871372743,0.6787096774193547,1.0,0.8672597042513865,0.8660986609866099,0.6902898244129467
41,Slovakia,Central and Eastern Europe,0.13950765716307542,0.16593548387096774,0.6499073829055305,1.0,0.9811998119981201,0.6712502644383329
42,El Salvador,Latin America and Caribbean,0.030320596172015976,0.030709677419354837,0.9001058481079652,0.727703327171904,0.7393973939739398,0.6691347577744868
43,Malaysia,Southeastern Asia,0.08203266932317495,0.2030967741935484,0.7020375760783277,0.8942929759704252,0.91219912199122,0.6558070657922572
44,Nicaragua,Latin America and Caribbean,0.015775926292232186,0.02503225806451613,0.8921672400105848,0.927449168207024,0.6854968549685497,0.6530569071292576
45,Uzbekistan,Central and Eastern Europe,0.019730892342179056,0.08258064516129032,0.7037576078327601,0.4937615526802218,0.81039810398104,0.6519991537973344
46,Italy,Western Europe,0.2635117692982546,0.152,0.6765017200317545,0.987985212569316,0.99639996399964,0.6498836471334886
47,Ecuador,Latin America and Caribbean,0.04974163448668223,0.06735483870967743,0.9063244244509131,0.8718807763401109,0.7937979379793798,0.6496720964671039
48,Belize,Latin America and Caribbean,0.0390712828066161,0.030451612903225806,0.9711563905795183,0.9887939001848429,0.7775977759777599,0.645441083139412
49,Japan,Eastern Asia,0.33104061158372594,0.24567741935483872,0.7410690658904472,0.9220194085027726,1.0,0.638036809815951
50,Kazakhstan,Central and Eastern Europe,0.06396157967538375,0.3785806451612903,0.9002381582429214,0.46222273567467664,0.8186981869818699,0.6376137084831817
51,Moldova,Central and Eastern Europe,0.017192452608876925,0.051096774193548376,0.6813971950251391,0.45968114602587806,0.7473974739747398,0.6329595938227206
52,Russia,Central and Eastern Europe,0.07281738255077912,0.3016774193548387,0.835406192114316,0.6961645101663587,0.8421984219842199,0.6242860165009518
53,Poland,Central and Eastern Europe,0.10449444150449873,0.21316129032258063,0.5811061127282351,0.9972273567467653,0.9488994889948901,0.6198434525068754
54,South Korea,Eastern Asia,0.23491392348185566,0.32980645161290323,0.3160889124106906,0.6457948243992607,0.95109951099511,0.6198434525068754
55,Bolivia,Latin America and Caribbean,0.02410373665923638,0.05058064516129032,0.9059274940460441,0.8851663585951941,0.7186971869718698,0.6170932938438756
56,Lithuania,Central and Eastern Europe,0.1265615150973917,0.11793548387096774,0.8580312251918497,0.9832486136783734,0.90849908499085,0.6151893378464142
57,Belarus,Central and Eastern Europe,0.040826249897245794,0.16438709677419355,0.7765281820587459,0.6887707948243994,0.91119911199112,0.6128622805161836
58,Slovenia,Central and Eastern Europe,0.1834765888468503,0.1901935483870968,0.7494046043926966,1.0,0.97829978299783,0.6056695578591071
59,Peru,Latin America and Caribbean,0.050986854493087486,0.04619354838709677,0.8227044191585074,0.8219731977818855,0.7365973659736598,0.6003807911994921
60,Turkmenistan,Central and Eastern Europe,0.052572779596076286,0.3393548387096774,0.8289229955014553,0.42155730129390023,0.6628966289662898,0.5823989845568012
61,Mauritius,Sub-Saharan Africa,0.08086291359165805,0.07922580645161291,0.9763164858428156,0.4853280961182995,0.92719927199272,0.5802834778929553
62,Libya,Middle East and Northern Africa,0.03234083145437624,0.21858064516129033,0.8303784069859751,0.13031423290203328,0.7438974389743899,0.5733023059022637
63,Latvia,Central and Eastern Europe,0.11929092755164966,0.10322580645161292,0.8884625562318073,0.974699630314233,0.91109911099111,0.5616670192511106
64,Paraguay,Latin America and Caribbean,0.04337663512566637,0.02683870967741936,0.8728499603069596,0.7567005545286507,0.8240982409824099,0.5570129045906493
65,Romania,Central and Eastern Europe,0.07987878865007011,0.10090322580645161,0.7459645408838317,0.9511321626617375,0.85639856398564,0.5548973979268035
66,Estonia,Central and Eastern Europe,0.15438542216105197,0.4209032258064516,0.9431066419687749,1.0,0.95439954399544,0.552570340596573
67,Jamaica,Latin America and Caribbean,0.03928555177118483,0.06916129032258064,0.9293463879333158,0.8899029574861368,0.7771977719777199,0.5510894859318807
68,Croatia,Central and Eastern Europe,0.10388343094378019,0.1150967741935484,0.7140777983593544,0.987985212569316,0.9586995869958701,0.5464353712714194
69,Somalia,Sub-Saharan Africa,0.00020809654637107475,0.0007741935483870968,0.6227838052394814,0.08629852125693163,0.26069260692606927,0.5362809392849588
70,Turkey,Middle East and Northern Africa,0.09065094760669623,0.1272258064516129,0.7631648584281555,0.10501386321626618,0.8505985059850599,0.525491855299344
71,Indonesia,Southeastern Asia,0.028281742975205075,0.04980645161290322,0.7771897327335274,0.7876617375231055,0.7465974659746598,0.5096255553204994
72,Jordan,Middle East and Northern Africa,0.03292981815109664,0.07045161290322581,0.7191055834876953,0.3408040665434381,0.89649896498965,0.5072984979902686
73,Azerbaijan,Central and Eastern Europe,0.031013530095360474,0.08748387096774193,0.7855252712357766,0.7207717190388171,0.7811978119781199,0.5047598899936536
74,Philippines,Southeastern Asia,0.022939784793137234,0.03148387096774193,0.8622651495104526,0.8401109057301295,0.7501975019750198,0.5022212819970382
75,China,Eastern Asia,0.06708914227670328,0.2007741935483871,0.028975919555437935,0.7394870609981516,0.85539855398554,0.4950285593399619
76,Bhutan,Southern Asia,0.02284827304112238,0.04541935483870967,0.4818735115109818,0.9577171903881703,0.7869978699786999,0.48466257668711665
77,Kyrgyzstan,Central and Eastern Europe,0.007295076625820502,0.04103225806451613,0.8358031225191852,0.7666358595194085,0.7462974629746297,0.4823355193568859
78,Serbia,Central and Eastern Europe,0.04713170924807669,0.15870967741935482,0.7079915321513628,0.5547597042513864,0.91859918599186,0.4806431140258094
79,Bosnia and Herzegovina,Central and Eastern Europe,0.040586119703782335,0.20051612903225807,0.7468907118285261,0.2677911275415896,0.93729937299373,0.4776814046964246
80,Montenegro,Central and Eastern Europe,0.05806730920892457,0.15870967741935482,0.8637205609949724,0.6270794824399261,0.9395993959939599,0.4772583033636557
81,Dominican Republic,Latin America and Caribbean,0.06023230553658016,0.05935483870967742,0.9454882243979889,0.9253696857670981,0.7192971929719298,0.4759889993653481
82,Morocco,Middle East and Northern Africa,0.022557446134580605,0.04567741935483871,0.8990473670283142,0.8971811460258781,0.6771967719677198,0.47514279669980963
83,Hungary,Central and Eastern Europe,0.10931363230269087,0.1287741935483871,0.6043926964805504,1.0,0.9561995619956201,0.47387349270150203
84,Pakistan,Southern Asia,0.00942442080552398,0.02270967741935484,0.17134162476845727,0.6538817005545288,0.6633966339663397,0.4711233340385024
85,Lebanon,Middle East and Northern Africa,0.06327500598969299,0.10916129032258065,0.6988621328393755,0.3514325323475047,0.80289802898029,0.47048868203934835
86,Portugal,Western Europe,0.16934746787659316,0.12825806451612903,0.9491929081767664,0.9512476894639557,0.9978999789997901,0.46921937804104075
87,Vietnam,Southeastern Asia,0.01650333640587616,0.06529032258064517,0.438475787245303,0.796326247689464,0.8033980339803399,0.4561032367251956
88,Tunisia,Middle East and Northern Africa,0.02944368259802064,0.06735483870967743,0.9206139190261976,0.5499075785582256,0.8107981079810799,0.45271842606304213
89,Greece,Western Europe,0.15334702604851042,0.15664516129032258,0.865175972479492,0.9401571164510167,0.99359993599936,0.45017981806642693
90,Tajikistan,Central and Eastern Europe,0.004561093596124222,0.01574193548387097,0.6930404869012967,0.7019408502772644,0.7027970279702798,0.44235244341019686
91,Mongolia,Eastern Asia,0.029117925399207524,0.14967741935483872,0.860942048160889,0.8100739371534197,0.5446954469544696,0.4235244341019675
92,Laos,Southeastern Asia,0.01750520811278812,0.01161290322580645,0.14329187615771372,0.8871303142329021,0.6611966119661198,0.41696636344404503
93,Nigeria,Sub-Saharan Africa,0.01636399526350204,0.01367741935483871,0.6685631119343742,0.7161506469500926,0.44109441094410945,0.41675481277766036
94,Honduras,Latin America and Caribbean,0.017795529588874065,0.027612903225806455,0.864382111669754,0.8485443622920519,0.7281972819728197,0.4159086101121219
95,Zambia,Sub-Saharan Africa,0.008669266670946035,0.006451612903225807,0.7681926435564966,0.9660351201478745,0.5298952989529896,0.3998307594668924
96,Nepal,Southern Asia,0.004343075077638371,0.007741935483870969,0.10875893093410954,0.7295517560073939,0.6093960939609396,0.39940765813412327
97,Albania,Central and Eastern Europe,0.033104911675047,0.04051612903225806,0.7842021698862133,0.4699630314232902,0.89339893398934,0.3702136661730485
98,Bangladesh,Southern Asia,0.009709432692391828,0.012387096774193548,0.0031754432389520804,0.5814463955637709,0.5710957109571096,0.3676750581764332
99,Sierra Leone,Sub-Saharan Africa,0.001973595835440963,0.003612903225806452,0.5996295316221223,0.7164972273567468,0.3125931259312593,0.36598265284535647
100,Iraq,Middle East and Northern Africa,0.03871312724575104,0.11896774193548387,0.46414395342683257,0.24491682070240298,0.7385973859738598,0.35328961286228056
101,Namibia,Sub-Saharan Africa,0.03879484037041283,0.04490322580645161,0.8859486636676369,0.9507855822550833,0.6239962399623997,0.3530780621958959
102,Cameroon,Sub-Saharan Africa,0.009381019964232452,0.014967741935483869,0.733130457793067,0.7381007393715342,0.4787947879478795,0.3401734715464354
103,Ethiopia,Sub-Saharan Africa,0.003827272344294754,0.003096774193548387,0.6071712093146336,0.8096118299445472,0.27999279992799925,0.33911571821451236
104,South Africa,Sub-Saharan Africa,0.042977111728490544,0.2216774193548387,0.8893887271765019,0.7118761552680223,0.7189971899718999,0.328749735561667
105,Sri Lanka,Southern Asia,0.031061247375992335,0.02812903225806452,0.6267531092881714,0.7918207024029577,0.8304983049830499,0.31944150624074463
106,India,Southern Asia,0.012525043600905594,0.04541935483870967,0.08534003704683779,0.5774029574861369,0.6438964389643898,0.3171144489105141
107,Myanmar,Southeastern Asia,0.007912331722416758,0.014193548387096773,0.30060862662079924,0.5117837338262478,0.6458964589645897,0.3152104929130526
108,Egypt,Middle East and Northern Africa,0.027956691871744654,0.06503225806451612,0.4816088912410691,0.6851894639556377,0.86719867198672,0.3082293209223609
109,Armenia,Central and Eastern Europe,0.028530810469171455,0.04670967741935484,0.6905265943371263,0.8547828096118302,0.8291982919829199,0.30780621958959176
110,Kenya,Sub-Saharan Africa,0.009785973774079334,0.009548387096774193,0.7632971685631119,0.8161968576709798,0.5177951779517795,0.3069600169240533
111,Ukraine,Central and Eastern Europe,0.016464816050082966,0.1287741935483871,0.8277322042868486,0.6023567467652495,0.8721987219872199,0.30019039559974614
112,Ghana,Sub-Saharan Africa,0.014261957639617349,0.014193548387096773,0.6628737761312516,0.778073012939002,0.4762947629476295,0.2900359636132853
113,Congo (Kinshasa),Sub-Saharan Africa,0.0017149608383874452,0.0002580645161290323,0.3954749933844932,0.7243530499075786,0.2641926419264193,0.28918976094774707
114,Georgia,Central and Eastern Europe,0.032572643812445574,0.06658064516129032,0.7718973273352739,0.6570009242144178,0.7930979309793099,0.284958747620055
115,Congo (Brazzaville),Sub-Saharan Africa,0.013253725866920005,0.02890322580645161,0.7943900502778513,0.9221349353049908,0.41019410194101946,0.28157393695790156
116,Senegal,Sub-Saharan Africa,0.00857011547371106,0.014967741935483869,0.7165916909235247,0.9232902033271719,0.5701957019570196,0.2779775756293631
117,Bulgaria,Central and Eastern Europe,0.06185287350779827,0.1615483870967742,0.7785128340830908,0.8726894639556377,0.9324993249932501,0.27755447429659397
118,Mauritania,Sub-Saharan Africa,0.007322761635755088,0.016258064516129034,0.6931727970362531,0.3405730129390019,0.40169401694016943,0.2741696636344406
119,Zimbabwe,Sub-Saharan Africa,0.010250499200701488,0.017548387096774195,0.844403281291347,0.9342652495378929,0.5485954859548596,0.2724772583033638
120,Malawi,Sub-Saharan Africa,0.0003783276378750088,0.0012903225806451613,0.6499073829055305,0.9231746765249538,0.49629496294962955,0.2646498836471336
121,Sudan,Sub-Saharan Africa,0.0182726123275817,0.009032258064516128,0.7453029902090501,0.33918669131238444,0.3166931669316693,0.26105352231859513
122,Gabon,Sub-Saharan Africa,0.05764427776139169,0.08567741935483872,0.9031489812119607,0.8771950092421443,0.6324963249632497,0.25724561032367266
123,Mali,Sub-Saharan Africa,0.004366512228002631,0.0005161290322580645,0.5613919026197407,0.688424214417745,0.3780937809378094,0.24709117833721184
124,Haiti,Latin America and Caribbean,0.00398347642241916,0.007741935483870969,0.7201640645673458,0.12673290203327173,0.3868938689386894,0.23757139834990493
125,Botswana,Sub-Saharan Africa,0.05991417577798262,0.08051612903225806,0.9068536649907383,0.9277957486136785,0.6831968319683197,0.2261476623651364
126,Comoros,Sub-Saharan Africa,0.008597215125811727,0.005419354838709678,0.8379200846784866,0.6347042513863217,0.4947949479494795,0.2223397503702138
127,Ivory Coast,Sub-Saharan Africa,0.010397177686696249,0.013419354838709678,0.7336596983328924,0.8946395563770795,0.4872948729487295,0.21387772371482983
128,Cambodia,Southeastern Asia,0.008652531978205548,0.01574193548387097,0.590500132310135,0.8631007393715344,0.6022960229602297,0.2119737677173683
129,Angola,Sub-Saharan Africa,0.027793869980301547,0.029161290322580646,0.795448531357502,0.4632624768946396,0.3667936679366794,0.20330019039559977
130,Niger,Sub-Saharan Africa,0.0007766652542624212,0.0018064516129032257,0.5521301931727971,0.8651802218114604,0.11979119791197912,0.2011846837317538
131,Chad,Sub-Saharan Africa,0.0036197757052731172,0.0005161290322580645,0.6058481079650702,0.776109057301294,0.1002910029100291,0.18151047175798607
132,Burkina Faso,Sub-Saharan Africa,0.0026729258602086556,0.003612903225806452,0.5912939931198731,0.8619454713493531,0.35869358693586934,0.17643325576475566
133,Uganda,Sub-Saharan Africa,0.002895583811951442,0.00232258064516129,0.5542471553320985,0.9261783733826248,0.5090950909509095,0.17643325576475566
134,Yemen,Middle East and Northern Africa,0.007460105092095215,0.009806451612903225,0.7281026726647263,0.39868299445471356,0.42709427094270946,0.17325999576898665
135,Madagascar,Sub-Saharan Africa,0.001754804436138028,0.0033548387096774194,0.6603598835670813,0.5919593345656193,0.22069220692206926,0.1671250264438333
136,Tanzania,Sub-Saharan Africa,0.0059700413029308095,0.004903225806451614,0.6513627943900503,0.9346118299445472,0.3737937379373794,0.16099005711867997
137,Liberia,Sub-Saharan Africa,0.00380577848191172,0.005161290322580646,0.6034665255358561,0.41855360443622924,0.4081940819408194,0.15168182779775752
138,Guinea,Sub-Saharan Africa,0.003963371282117758,0.004645161290322581,0.5813707329981477,0.8492375231053606,0.4257942579425794,0.1485085678019885
139,Rwanda,Sub-Saharan Africa,0.003906532715050535,0.0015483870967741933,0.458057687218841,0.6679759704251388,0.5799957999579997,0.12904590649460546
140,Benin,Sub-Saharan Africa,0.004445657452117195,0.014709677419354838,0.5694628208520772,0.7376386321626619,0.4106941069410694,0.12248783583668288
141,Afghanistan,Southern Asia,0.002367280901578653,0.006709677419354839,0.6499073829055305,0.09022643253234752,0.3919939199391994,0.09625555320499257
142,Togo,Sub-Saharan Africa,0.0027955540563451365,0.008,0.5850754167769252,0.6689001848428836,0.3139931399313993,0.08419716522107046
143,Burundi,Sub-Saharan Africa,8.972461330809464e-05,0.0,0.4480021169621593,0.5923059149722736,0.40619406194061936,0.0
144,Finland,Western Europe,0.42864472895425443,0.2263225806451613,0.6937020375760783,0.8758086876155269,1.0,1.0
145,Norway,Western Europe,0.6997232813514147,0.24258064516129033,0.5203757607832761,0.8724584103512014,0.9964999649996501,0.991961074677385
146,Denmark,Western Europe,0.5248738872031463,0.14787096774193548,0.8396401164329187,0.9362292051756009,0.9777997779977801,0.9837105986883858
147,Iceland,Western Europe,0.6266265561168928,0.31148387096774194,0.690791214607039,0.7200785582255084,1.0,0.9710175587053098
148,Switzerland,Western Europe,0.7091700355764669,0.12283870967741936,0.9693040486901298,0.817467652495379,0.99989999899999,0.9693251533742331
149,Netherlands,Western Europe,0.4533226104586527,0.24438709677419354,0.9460174649378142,0.7704482439926063,0.9825998259982601,0.9595938227205416
150,Canada,North America,0.39496411279747917,0.4141935483870967,0.6634691717385552,0.8059149722735676,0.94689946899469,0.9356885974190816
151,New Zealand,Australia and New Zealand,0.3581184770502851,0.19716129032258065,0.7134824027520509,0.9057301293900186,0.93369933699337,0.9348423947535434
152,Sweden,Western Europe,0.4669371710683069,0.11458064516129032,0.7526462026991266,0.7804990757855823,0.96879968799688,0.9327268880896975
153,Australia,Australia and New Zealand,0.4907007761762816,0.432,0.6325086001587722,0.8225508317929761,0.98439984399844,0.9238417601015443
154,United Kingdom,Western Europe,0.3666996113255733,0.14348387096774193,0.8868748346123315,0.961760628465804,1.0,0.9064946054580072
155,Austria,Western Europe,0.439898794590398,0.20980645161290323,0.8287906853664989,0.9039972273567469,0.94629946299463,0.8957055214723926
156,Costa Rica,Latin America and Caribbean,0.10102090008630306,0.04516129032258064,0.6571844403281293,0.8580175600739373,0.6277962779627797,0.8815316268246245
157,Ireland,Western Europe,0.6748813093093174,0.19922580645161292,0.9246493781423658,0.8686460258780038,1.0,0.8614343135180875
158,Germany,Western Europe,0.4067374216912707,0.23535483870967744,0.8874702302196348,0.9644177449168208,0.96739967399674,0.8588957055214723
159,Belgium,Western Europe,0.40601220950748007,0.23664516129032256,0.8230351944958983,0.9503234750462108,0.9608996089960901,0.8508567801988578
160,Luxembourg,Western Europe,1.0,0.43432258064516127,0.7422598571050544,0.9600277264325325,0.9929999299993001,0.8472604188703194
161,United States,North America,0.5372848253705416,0.415741935483871,0.6929081767663403,0.664163585951941,0.90919909199092,0.842183202877089
162,Israel,Middle East and Northern Africa,0.3561393924141965,0.20387096774193547,0.8484387404075154,0.530152495378928,0.92029920299203,0.826951554897398
163,United Arab Emirates,Middle East and Northern Africa,0.367224248843384,0.5783225806451613,0.5572902884360943,0.7073706099815158,0.6326963269632697,0.8184895282420139
164,Czech Republic,Central and Eastern Europe,0.1959885432409254,0.26864516129032256,0.5265943371262239,0.9417744916820703,0.6997969979699799,0.8051618362597843
165,Malta,Western Europe,0.25631184190301237,0.08903225806451613,0.7176501720031755,0.858710720887246,1.0,0.7873915802834781
166,France,Western Europe,0.3539791338697448,0.1272258064516129,0.9893490341360148,0.9566774491682071,0.97219972199722,0.7581975883224032
167,Mexico,Latin America and Caribbean,0.08079266332140263,0.09703225806451614,0.5384360942048161,0.707486136783734,0.5757957579575796,0.7579860376560186
168,Chile,Latin America and Caribbean,0.13450079411405055,0.12851612903225806,0.19416512304842554,0.6509935304990759,0.7960979609796098,0.7554474296594034
169,Panama,Latin America and Caribbean,0.13150782540195494,0.072,0.545845461762371,0.8382624768946396,0.43449434494344946,0.7457160990057119
170,Brazil,Latin America and Caribbean,0.07432455619895818,0.06038709677419355,0.48352738819793595,0.8633317929759705,0.45909459094590943,0.7433890416754811
171,Argentina,Latin America and Caribbean,0.09806978071689913,0.12051612903225807,0.40248743053717917,0.48752310536044374,0.7306973069730698,0.7368309710175587
172,Guatemala,Latin America and Caribbean,0.03675626494723588,0.02993548387096774,0.36577136808679545,0.5971580406654344,0.2949929499294993,0.7355616670192513
173,Uruguay,Latin America and Caribbean,0.1461415354465133,0.05083870967741935,0.2928023286583753,0.4189001848428836,0.8336983369833699,0.7349270150200973
174,Qatar,Middle East and Northern Africa,0.5888384464776889,0.984774193548387,0.793397724265679,0.349699630314233,0.7289972899728998,0.7338692616881743
175,Saudi Arabia,Middle East and Northern Africa,0.1982261830197335,0.48,0.410624503836994,0.4030730129390019,0.6237962379623797,0.7332346096890205
176,Singapore,Southeastern Asia,0.5526443424352643,0.24825806451612906,0.7509261709446945,0.09265249537892795,0.9899998999990001,0.7273111910302517
177,Malaysia,Southeastern Asia,0.0953996630128693,0.2069677419354839,0.47426567875099235,0.730591497227357,0.6299962999629997,0.7228686270361753
178,Spain,Western Europe,0.2586544850824478,0.15277419354838712,0.7949854458851547,0.9498613678373382,1.0,0.7203300190395598
179,Colombia,Latin America and Caribbean,0.05496383183486236,0.04619354838709677,0.5989018258798625,0.7847735674676526,0.5995959959599597,0.7097524857203299
180,Trinidad and Tobago,Latin America and Caribbean,0.1448692196292651,0.6750967741935484,0.6677692511246363,0.8721118299445474,0.5628956289562896,0.6953670404061774
181,Slovakia,Central and Eastern Europe,0.16474401311124062,0.17961290322580648,0.6330378406985976,0.9342652495378929,0.6961969619696198,0.6913475777448697
182,El Salvador,Latin America and Caribbean,0.03253897953684443,0.030967741935483874,0.40367822175178625,0.6425600739371535,0.42339423394233944,0.6900782737465625
183,Nicaragua,Latin America and Caribbean,0.015099861282219332,0.024774193548387096,0.39362265149510456,0.83456561922366,0.4195941959419594,0.6845779564205627
184,Poland,Central and Eastern Europe,0.13018305218346132,0.22529032258064516,0.5431331039957661,0.9580637707948245,0.6922969229692298,0.6807700444256397
185,Bahrain,Middle East and Northern Africa,0.20434292661242612,0.5630967741935484,0.5553717914792273,0.22897412199630315,0.6305963059630597,0.6769621324307173
186,Uzbekistan,Central and Eastern Europe,0.01083303107201946,0.08051612903225806,0.4829319925906326,0.20240295748613682,0.6411964119641198,0.6750581764332557
187,Kuwait,Middle East and Northern Africa,0.28979285651242875,0.616258064516129,0.36114051336332365,0.8420748613678374,0.6578965789657898,0.6723080177702558
188,Thailand,Southeastern Asia,0.06016948802266218,0.104,0.2874437681926435,0.7101432532347505,0.5936959369593696,0.6699809604400253
189,Italy,Western Europe,0.2939932970023108,0.1494193548387097,0.8326938343477112,0.9318391866913125,1.0,0.6547493124603343
190,Ecuador,Latin America and Caribbean,0.0521888563800419,0.06709677419354838,0.4343080179941784,0.8160813308687616,0.5219952199521997,0.6490374444679501
191,Belize,Latin America and Caribbean,0.03964135318245602,0.02967741935483871,0.47009790949986774,0.9245609981515712,0.4673946739467395,0.645441083139412
192,Lithuania,Central and Eastern Europe,0.16225796512547258,0.12851612903225806,0.6249007673987828,0.9287199630314233,0.5850958509585096,0.6445948804738737
193,Slovenia,Central and Eastern Europe,0.2221589407899758,0.192,0.5150833553850225,0.9512476894639557,0.7058970589705899,0.643748677808335
194,Romania,Central and Eastern Europe,0.10337395419128999,0.1047741935483871,0.5645011907912146,0.8937153419593347,0.5989959899598997,0.6431140258091814
195,Latvia,Central and Eastern Europe,0.1511484652663938,0.10374193548387096,0.7854591161682986,0.908156192236599,0.6061960619606196,0.640575417812566
196,Japan,Eastern Asia,0.3352997456321488,0.2423225806451613,0.7930669489282879,0.8884011090573014,0.9659996599966,0.6367675058176434
197,Mauritius,Sub-Saharan Africa,0.09424348216580877,0.08851612903225807,0.4655993649113521,0.2869685767097967,0.6104961049610497,0.631690289824413
198,Jamaica,Latin America and Caribbean,0.04367591499909572,0.06993548387096775,0.37397459645408837,0.8049907578558226,0.5103951039510396,0.6314787391580283
199,South Korea,Eastern Asia,0.26717794497853514,0.34993548387096773,0.6341624768457264,0.38378003696857677,0.96519965199652,0.6283054791622593
200,Russia,Central and Eastern Europe,0.09467476912927056,0.31251612903225806,0.7576739878274675,0.6030499075785583,0.6392963929639297,0.6145546858472604
201,Kazakhstan,Central and Eastern Europe,0.08198850152794651,0.43277419354838714,0.47790420746229156,0.1997458410351202,0.6288962889628897,0.6103236725195684
202,Bolivia,Latin America and Caribbean,0.028159238512252785,0.051612903225806445,0.4392696480550411,0.8680683918669132,0.44569445694456944,0.6022847471969539
203,Estonia,Central and Eastern Europe,0.197602153173387,0.479741935483871,0.5948663667636941,0.9120841035120149,0.5844958449584496,0.5995345885339538
204,Paraguay,Latin America and Caribbean,0.04769400345742079,0.027354838709677424,0.4999338449325219,0.5843345656192237,0.4495944959449595,0.5872646498836471
205,Peru,Latin America and Caribbean,0.05731366021145793,0.04464516129032258,0.4811458057687219,0.8096118299445472,0.5037950379503796,0.5834567378887243
206,Moldova,Central and Eastern Europe,0.02539836290518297,0.05419354838709677,0.5007938608097381,0.20344269870609985,0.6101961019610197,0.5785910725618786
207,Turkmenistan,Central and Eastern Europe,0.057531929265880966,0.3703225806451613,0.7729558084149245,0.1802218114602588,0.45959459594595947,0.5777448698963401
208,Hungary,Central and Eastern Europe,0.13655137065753875,0.13806451612903226,0.5575549087060069,0.9041127541589651,0.6625966259662598,0.5743600592341866
209,Libya,Middle East and Northern Africa,0.059895712682545406,0.2245161290322581,0.5809076475258006,0.08410351201478744,0.5492954929549296,0.5629363232494182
210,Philippines,Southeastern Asia,0.02432763312183798,0.03509677419354838,0.5727044191585076,0.7467652495378928,0.4285942859428594,0.554051195261265
211,Honduras,Latin America and Caribbean,0.01914923832285348,0.027612903225806455,0.28671606245038384,0.8164279112754159,0.34059340593405935,0.5498201819335731
212,Belarus,Central and Eastern Europe,0.05171679050437161,0.17470967741935484,0.653612066684308,0.6027033271719039,0.6865968659686598,0.5453776179394965
213,Turkey,Middle East and Northern Africa,0.07818656047796006,0.1305806451612903,0.525072770574226,0.13539741219963033,0.5927959279592797,0.5453776179394965
214,Pakistan,Southern Asia,0.0104036298996997,0.024516129032258065,0.03195289759195552,0.5395101663585953,0.2001920019200192,0.5430505606092659
215,Portugal,Western Europe,0.19881864013382106,0.1310967741935484,0.7603201905265945,0.9007624768946396,0.93589935899359,0.5299344192934208
216,Serbia,Central and Eastern Europe,0.05993891329720437,0.16129032258064518,0.48418893887271774,0.42051756007393726,0.6972969729697298,0.5273958112968056
217,Greece,Western Europe,0.17231952158493785,0.1669677419354839,0.6112728234982799,0.8947550831792976,1.0,0.5189337846414215
218,Lebanon,Middle East and Northern Africa,0.06873046101427312,0.10761290322580647,0.7093807885684044,0.19258317929759708,0.6030960309603097,0.5189337846414215
219,Montenegro,Central and Eastern Europe,0.07366694387775372,0.16129032258064518,0.5640381053188674,0.6969731977818854,0.7860978609786099,0.5166067273111912
220,Croatia,Central and Eastern Europe,0.1257899426281527,0.11974193548387096,0.4237893622651494,0.9451247689463957,0.7000970009700098,0.5111064099851916
221,Dominican Republic,Latin America and Caribbean,0.06684716132746178,0.05883870967741935,0.6627414659962952,0.8505083179297599,0.42399423994239943,0.5070869473238842
222,Algeria,Middle East and Northern Africa,0.03302418643249792,0.10090322580645161,0.6409764487959778,0.4146256931608133,0.6025960259602596,0.5056060926591919
223,Morocco,Middle East and Northern Africa,0.02535443715215767,0.047999999999999994,0.5877216194760518,0.8663354898336415,0.42239422394223947,0.49693251533742333
224,China,Eastern Asia,0.08162969154394942,0.20438709677419356,0.1867557554908706,0.6831099815157117,0.6823968239682398,0.4952401100063466
225,Azerbaijan,Central and Eastern Europe,0.03823577653849905,0.08954838709677419,0.658639851812649,0.5742837338262478,0.4852948529485295,0.4857203300190396
226,Tajikistan,Central and Eastern Europe,0.004768225266680469,0.016,0.19469436358825087,0.6188770794824401,0.29899298992989926,0.48529722868627023
227,Jordan,Middle East and Northern Africa,0.03411618399657753,0.06709677419354838,0.8928949457528447,0.12026340110905734,0.6881968819688197,0.4772583033636557
228,Nigeria,Sub-Saharan Africa,0.015093736022979363,0.013935483870967741,0.5910955279174386,0.6723659889094271,0.07749077490774908,0.4759889993653481
229,Kyrgyzstan,Central and Eastern Europe,0.00867601434283707,0.04180645161290322,0.24913998412278382,0.6998613678373383,0.44739447394473947,0.4709117833721177
230,Bosnia and Herzegovina,Central and Eastern Europe,0.049789580420972424,0.20129032258064516,0.317015083355385,0.1558456561922366,0.7153971539715398,0.47048868203934835
231,Mongolia,Eastern Asia,0.03308448965848306,0.1607741935483871,0.4149245832230749,0.7144177449168208,0.6053960539605396,0.4696424793738101
232,Vietnam,Southeastern Asia,0.019720560845587425,0.07174193548387098,0.16181529505160097,0.7096811460258782,0.5391953919539196,0.4649883647133488
233,Indonesia,Southeastern Asia,0.03112401864872963,0.053161290322580636,0.3732468907118285,0.6580406654343809,0.31409314093140933,0.46287285804950296
234,Bhutan,Southern Asia,0.025535160945894676,0.047999999999999994,0.2773881979359619,0.9572550831792976,0.3259932599325993,0.4605458007192722
235,Cameroon,Sub-Saharan Africa,0.010844808033029844,0.014451612903225806,0.27130193172797035,0.41728280961183006,0.13449134491344913,0.43790987941612003
236,Bulgaria,Central and Eastern Europe,0.07734829801720175,0.16283870967741937,0.5170680074093675,0.9236367837338264,0.7125971259712598,0.42902475142796703
237,Nepal,Southern Asia,0.006549562561445519,0.00825806451612903,0.0680074093675575,0.6363216266173752,0.23539235392353924,0.4178125661095833
238,Gabon,Sub-Saharan Africa,0.06600409799062676,0.0815483870967742,0.4102275734321249,0.8402264325323476,0.22229222292222925,0.3920033848106621
239,South Africa,Sub-Saharan Africa,0.05243940793146595,0.21367741935483872,0.21546705477639594,0.5868761552680222,0.2470924709247093,0.38481066215358584
240,Ivory Coast,Sub-Saharan Africa,0.012406998494423513,0.01367741935483871,0.4102937284996031,0.8112292051756008,0.09529095290952909,0.3735984768352021
241,Ghana,Sub-Saharan Africa,0.01659010951534534,0.0167741935483871,0.32832759989415194,0.7453789279112755,0.26519265192651925,0.37063676750581764
242,Senegal,Sub-Saharan Africa,0.01074350378936216,0.016258064516129034,0.32369674517068014,0.9037661737523106,0.13669136691366915,0.3651364501798181
243,Laos,Southeastern Asia,0.01951336991826004,0.01264516129032258,0.21626091558613392,0.7316312384473198,0.27589275892758924,0.3634440448487414
244,Tunisia,Middle East and Northern Africa,0.02729059668715242,0.072,0.7656787509923261,0.3924445471349354,0.5759957599575997,0.3568859741908186
245,Albania,Central and Eastern Europe,0.04294213719730485,0.04154838709677419,0.7164593807885683,0.7154574861367838,0.6655966559665597,0.3556166701925112
246,Sierra Leone,Sub-Saharan Africa,0.0022535304681691962,0.004129032258064516,0.41644614977507277,0.6375924214417745,0.024990249902499026,0.3524434101967423
247,Congo (Brazzaville),Sub-Saharan Africa,0.016121401285621603,0.03303225806451613,0.18113257475522626,0.8960258780036969,0.1025910259102591,0.349904802200127
248,Bangladesh,Southern Asia,0.012258602802955284,0.01367741935483871,0.007277057422598543,0.463724584103512,0.28469284692846925,0.33742331288343563
249,Sri Lanka,Southern Asia,0.03291905704377361,0.02864516129032258,0.5186557290288435,0.7733364140480592,0.5308953089530897,0.3312883435582822
250,Iraq,Middle East and Northern Africa,0.04780014839046941,0.12258064516129033,0.43662344535591424,0.17271256931608134,0.4104941049410494,0.3281150835625133
251,Mali,Sub-Saharan Africa,0.005395874554006578,0.0007741935483870968,0.48425509394019584,0.55637707948244,0.026890268902689026,0.3262111275650519
252,Namibia,Sub-Saharan Africa,0.04863618201944427,0.04412903225806451,0.4252447737496693,0.9509011090573014,0.15499154991549918,0.32494182356674417
253,Cambodia,Southeastern Asia,0.010643573658966012,0.016516129032258065,0.23941518920349303,0.775069316081331,0.35259352593525933,0.32324941823566744
254,Burkina Faso,Sub-Saharan Africa,0.003810070995458474,0.004129032258064516,0.3114580576872188,0.8329482439926065,0.08449084490844908,0.3213454622382059
255,Egypt,Middle East and Northern Africa,0.019570479400554536,0.06425806451612903,0.6164990738290553,0.5655036968576711,0.32779327793277935,0.320287708906283
256,Mozambique,Sub-Saharan Africa,0.0019524689807413394,0.007483870967741936,0.44085736967451705,0.8899029574861368,0.1617916179161792,0.31986460757351387
257,Kenya,Sub-Saharan Africa,0.012363848924665723,0.009806451612903225,0.32237364382111666,0.7575092421441776,0.006290062900629006,0.3183837529088217
258,Zambia,Sub-Saharan Africa,0.010897726453948346,0.006709677419354839,0.4995369145276528,0.9855591497227358,0.0907909079090791,0.3114025809181299
259,Mauritania,Sub-Saharan Africa,0.007880873368547476,0.017548387096774195,0.3676237099761842,0.2103743068391867,0.14669146691466917,0.3069600169240533
260,Ethiopia,Sub-Saharan Africa,0.004301533936154034,0.0033548387096774194,0.25291082296903944,0.7572781885397413,0.0934909349093491,0.3056907129257457
261,Georgia,Central and Eastern Europe,0.03820110157385461,0.0712258064516129,0.39851812648848894,0.5648105360443624,0.5992959929599296,0.3035752062618997
262,Armenia,Central and Eastern Europe,0.03386080619271429,0.050064516129032254,0.5109817412013761,0.7639787430683919,0.6193961939619397,0.29955574360059245
263,Myanmar,Southeastern Asia,0.009059188505023642,0.014967741935483869,0.45964540883831706,0.3384935304990758,0.31759317593175934,0.29680558493759257
264,Chad,Sub-Saharan Africa,0.003923678825397798,0.0005161290322580645,0.6360809738025932,0.6790665434380777,0.0031900319003190032,0.2953247302729004
265,Congo (Kinshasa),Sub-Saharan Africa,0.002492307156236123,0.0,0.128936226514951,0.627888170055453,0.1000910009100091,0.28347789295536285
266,India,Southern Asia,0.014937309069410687,0.049290322580645154,0.0,0.41231515711645106,0.15799157991579918,0.27184260630421
267,Niger,Sub-Saharan Africa,0.0012222268530129835,0.0018064516129032257,0.3247552262503308,0.8352587800369686,0.024390243902439025,0.26676539031097957
268,Uganda,Sub-Saharan Africa,0.0031883702256910226,0.00232258064516129,0.37523154273617365,0.8791589648798523,0.13099130991309915,0.26570763697905664
269,Benin,Sub-Saharan Africa,0.00541206423586862,0.016258064516129034,0.21480550410161414,0.7121072088724585,0.06369063690636906,0.2614766236513645
270,Sudan,Sub-Saharan Africa,0.006062841735036387,0.00929032258064516,0.46043926964805504,0.3083410351201479,0.24459244592445928,0.26105352231859513
271,Ukraine,Central and Eastern Europe,0.024262840625695593,0.11458064516129032,0.4045382376290023,0.4119685767097967,0.6088960889608896,0.25343769832874974
272,Togo,Sub-Saharan Africa,0.0035018610193728855,0.008774193548387096,0.3723207197671341,0.6352818853974124,0.12919129191291914,0.23143642902475137
273,Guinea,Sub-Saharan Africa,0.005214894643766926,0.005161290322580646,0.3250198465202435,0.8069547134935307,0.12789127891278915,0.22403215570129043
274,Lesotho,Sub-Saharan Africa,0.008828886646358263,0.007483870967741936,0.3784069859751257,0.04609519408502774,0.028590285902859027,0.1910302517452931
275,Angola,Sub-Saharan Africa,0.027160645529339167,0.024516129032258065,0.3925641704154539,0.29748151571164505,0.09199091990919908,0.1882800930822932
276,Madagascar,Sub-Saharan Africa,0.0021977600526107977,0.003612903225806452,0.3903810531886742,0.3434611829944547,0.04039040390403904,0.1838375290882166
277,Zimbabwe,Sub-Saharan Africa,0.016114757920634694,0.01909677419354839,0.12232071976713421,0.9368068391866915,0.12189121891218913,0.1664903744446795
278,Afghanistan,Southern Asia,0.002141003258787788,0.006709677419354839,0.614382111669754,0.0,0.25749257492574923,0.15379733446160349
279,Botswana,Sub-Saharan Africa,0.06863467869458163,0.0815483870967742,0.28148981211960833,0.9804759704251387,0.21799217992179926,0.14491220647345038
280,Malawi,Sub-Saharan Africa,0.0010109811232594424,0.0015483870967741933,0.41717385551733266,0.9063077634011092,0.08279082790827907,0.14427755447429658
281,Haiti,Latin America and Caribbean,0.0051267469002651,0.007741935483870969,0.2628340830907647,0.010975046210720901,0.15449154491544917,0.14321980114237354
282,Liberia,Sub-Saharan Africa,0.003485233571626037,0.0059354838709677425,0.22982270441915853,0.24156654343807768,0.047890478904789056,0.12481489316691352
283,Rwanda,Sub-Saharan Africa,0.004306955777750266,0.0015483870967741933,0.41724001058481086,0.5753234750462108,0.14959149591495918,0.1064099851914534
284,Tanzania,Sub-Saharan Africa,0.006782291080963381,0.005161290322580646,0.45031754432389526,0.9425831792975972,0.11799117991179912,0.08419716522107046
285,Central African Republic,Sub-Saharan Africa,0.001752792587292315,0.0018064516129032257,0.2646202699126754,0.8798521256931608,0.0,0.03765601861645873
286,Burundi,Sub-Saharan Africa,0.0,0.0,0.21077004498544588,0.4647643253234751,0.008590085900859008,0.0
